LINK_DIR,MEAN_ALL,PcntSpeed_85thAll,PcntSpeed_5thAll,TotalIntervals_85thAll,PcntInterval_85thAll,StdDev_85thAll,MEAN_Wkd,PcntSpeed_85thWd,PcntSpeed_5thWd,TotalIntervals_85thWd,PcntInterval_85thWd,StdDev_85thWd,MEAN_WEnd,PcntSpeed_85thWend,TotalIntervals_85thWend,PcntInterval_85thWend,StdDev_85thWend,MEAN_Wdtime,PcntSpeed_60thWdtime,PcntSpeed_85thWdtime,PcntSpeed_5thWdtime,TotalIntervals_Wdtime,PcntInterval_Wdtime,StdDev_Wdtime,MEAN_WkdAM,PcntSpeed_5thWdayAM,AvgSpeed_WdayAM,TotalIntervals_WdayAM,PcntInterval_WdayAM,StdDev_WdayAM,MEAN_WkdMD,PcntSpeed_5thWdayMD,AvgSpeed_WdayMD,TotalIntervals_WdayMD,PcntInterval_WdayMD,StdDev_WdayMD,MEAN_WkdPM,PcntSpeed_5thWdayPM,AvgSpeed_WdayPM,TotalIntervals_WdayPM,PcntInterval_WdayPM,StdDev_WdayPM,TTI_SL_AM,PTI_SL_AM,TTI_85thALL_AM,PTI_85thALL_AM,BTI_AM,TTI_SL_MD,PTI_SL_MD,TTI_85thAll_MD,PTI_85thAll_MD,BTI_MD,TTI_SL_PM,PTI_SL_PM,TTI_85thAll_PM,PTI_85thAll_PM,BTI_PM,TTI_85thWd_AM,PTI_85thWd_AM,TTI_85thWd_MD,PTI_85thWd_MD,TTI_85thWd_PM,PTI_85thWd_PM,TTI_60thWdtime_AM,PTI_60thWdtime_AM,TTI_85thWdtime_AM,PTI_85thWdtime_AM,TTI_60thWdtime_MD,PTI_60thWdtime_MD,TTI_85thWdtime_MD,PTI_85thWdtime_MD,TTI_60thWdtime_PM,PTI_60thWdtime_PM,TTI_85thWdtime_PM,PTI_85thWdtime_PM
107030432T,38.553,48.461,19.26,5746,5.466,10.444,38.331,47.84,19.26,4967,6.79,10.329,40.127,50.325,723,2.414,10.988,37.981,41.627,47.84,18.639,4408,10.33,10.393,38.721,20.503,38.721,728,7.962,10.573,37.987,18.95,37.987,2145,11.729,10.321,36.978,18.639,36.978,1271,13.9,10.07,1.276,2.581,1.244,2.516,1.023,1.295,2.581,1.247,2.484,0.992,1.334,2.667,1.267,2.533,0.999,1.252,2.364,1.259,2.525,1.269,2.517,1.091,2.061,1.252,2.364,1.096,2.197,1.259,2.525,1.092,2.167,1.269,2.517
107030439T,35.148,44.734,17.396,7857,7.474,9.929,35.042,44.734,17.396,6701,9.16,9.942,35.565,45.355,1082,3.612,9.874,34.857,38.521,44.734,17.396,6168,14.454,9.995,33.945,16.775,33.945,977,10.685,10.657,35.178,18.639,35.178,3254,17.793,9.526,34.551,15.532,34.551,1511,16.524,10.232,1.309,2.667,1.327,2.704,1.037,1.272,2.4,1.272,2.4,0.887,1.291,2.88,1.291,2.88,1.231,1.336,2.704,1.272,2.4,1.295,2.88,1.107,2.241,1.336,2.704,1.095,2.067,1.272,2.4,1.115,2.48,1.295,2.88
107030440T,34.863,45.355,17.086,7325,6.968,10.303,34.961,45.355,17.396,6266,8.566,10.27,34.04,45.355,986,3.292,10.532,34.692,37.899,45.355,16.775,5827,13.655,10.274,34.521,16.775,34.521,841,9.197,10.967,34.832,17.396,34.832,3126,17.093,9.949,34.414,16.154,34.414,1491,16.306,10.289,1.293,2.769,1.329,2.846,1.142,1.293,2.572,1.293,2.572,0.989,1.302,2.88,1.302,2.88,1.212,1.332,2.741,1.284,2.572,1.3,2.769,1.134,2.333,1.332,2.741,1.088,2.179,1.284,2.572,1.083,2.308,1.3,2.769
107030444F,36.18,47.219,16.154,9311,8.857,11.209,35.891,47.219,15.532,7948,10.865,11.304,37.839,47.84,1266,4.227,10.461,35.526,40.074,46.908,14.911,7452,17.463,11.357,33.329,14.911,33.329,1299,14.206,11.932,36.99,16.775,36.99,3859,21.101,10.76,33.65,11.805,33.65,1808,19.773,11.708,1.325,3.0,1.398,3.167,1.265,1.209,2.618,1.285,2.782,1.165,1.307,3.6,1.343,3.7,1.754,1.398,3.125,1.293,2.852,1.348,3.842,1.109,2.479,1.398,3.125,1.125,2.481,1.293,2.852,1.145,3.263,1.348,3.842
107030445F,36.602,47.84,16.775,9256,8.805,11.25,36.193,47.84,16.775,7926,10.835,11.284,38.929,49.083,1248,4.167,10.76,35.837,40.384,47.219,16.154,7288,17.079,11.289,33.237,15.532,33.237,1333,14.578,11.445,37.058,17.396,37.058,3796,20.757,10.929,34.487,14.29,34.487,1738,19.007,11.569,1.331,2.88,1.387,3.0,1.163,1.2,2.483,1.284,2.655,1.069,1.272,3.0,1.343,3.167,1.358,1.383,2.96,1.291,2.75,1.351,3.261,1.084,2.32,1.383,2.96,1.123,2.393,1.291,2.75,1.135,2.739,1.351,3.261
107030447F,25.206,39.142,4.97,8823,8.393,12.731,24.731,38.521,4.349,7615,10.41,12.691,28.494,42.248,1130,3.773,12.478,23.83,27.337,37.278,4.349,6958,16.306,12.415,22.584,5.592,22.584,1373,15.015,12.07,26.719,7.456,26.719,3631,19.855,11.449,18.468,2.485,18.468,1587,17.356,12.632,1.935,8.0,1.559,6.444,3.134,1.669,6.0,1.46,5.25,2.595,2.278,18.002,1.772,14.001,6.901,1.568,6.333,1.442,5.166,1.817,13.501,1.114,4.5,1.568,6.333,1.139,4.083,1.442,5.166,1.144,8.501,1.817,13.501
107030448F,32.218,47.219,7.456,9083,8.641,13.905,31.926,47.219,7.456,7771,10.623,13.969,33.943,47.84,1229,4.103,13.5,31.36,36.035,46.598,7.456,7104,16.648,13.859,29.185,6.213,29.185,1287,14.075,14.051,33.767,8.388,33.767,3730,20.396,13.457,27.36,6.213,27.36,1665,18.209,13.328,1.502,7.2,1.523,7.3,3.793,1.332,5.538,1.406,5.846,3.157,1.579,6.546,1.557,6.455,3.147,1.533,7.2,1.398,5.629,1.567,6.9,1.107,5.2,1.533,7.2,1.178,4.74,1.398,5.629,1.135,5.0,1.567,6.9
107030449F,36.827,48.461,16.154,8846,8.415,11.806,36.279,48.461,15.532,7560,10.335,11.948,39.994,50.325,1205,4.023,10.318,35.801,40.695,47.84,14.911,6934,16.25,11.991,33.844,14.911,33.844,1247,13.637,11.903,37.051,16.775,37.051,3667,20.051,11.615,33.685,12.426,33.685,1623,17.749,12.397,1.3,3.0,1.372,3.167,1.308,1.198,2.667,1.298,2.889,1.226,1.293,3.429,1.37,3.633,1.653,1.377,3.125,1.308,2.889,1.402,3.8,1.101,2.5,1.377,3.125,1.14,2.519,1.308,2.889,1.125,3.05,1.402,3.8
107030455F,28.776,41.006,9.941,13325,12.676,11.403,28.846,41.006,9.941,11398,15.581,11.415,28.258,40.074,1784,5.956,11.4,28.805,32.929,41.006,9.32,9784,22.928,11.674,26.057,8.077,26.057,1902,20.801,11.958,31.05,11.805,31.05,4807,26.285,10.76,26.504,8.077,26.504,2328,25.459,12.6,1.689,5.538,1.502,4.923,2.278,1.47,4.0,1.368,3.722,1.72,1.668,5.538,1.552,5.154,2.32,1.502,4.846,1.341,3.526,1.571,5.154,1.168,3.769,1.502,4.846,1.121,2.947,1.341,3.526,1.137,3.731,1.571,5.154
107030458T,33.361,42.87,16.154,12447,11.841,9.84,33.234,42.87,16.154,10729,14.667,9.754,33.964,44.112,1594,5.322,10.405,32.867,36.035,42.497,16.154,9859,23.104,9.632,31.583,14.911,31.583,1708,18.679,10.316,33.862,18.639,33.862,5121,28.002,8.97,31.35,13.669,31.35,2420,26.465,9.95,1.402,3.0,1.343,2.875,1.14,1.324,2.483,1.269,2.379,0.875,1.414,3.273,1.316,3.045,1.314,1.338,2.833,1.266,2.3,1.328,3.045,1.102,2.333,1.338,2.833,1.083,1.967,1.266,2.3,1.1,2.523,1.328,3.045
107030459T,35.702,45.355,18.639,12268,11.67,9.794,35.382,44.734,18.204,10607,14.5,9.755,37.8,46.598,1533,5.118,9.713,35.112,38.521,44.734,18.018,9720,22.778,9.679,33.351,17.396,33.351,1854,20.276,10.098,36.253,18.639,36.253,5007,27.379,9.543,33.297,18.639,33.297,2314,25.306,9.18,1.33,2.572,1.293,2.5,0.934,1.226,2.4,1.26,2.467,0.958,1.319,2.441,1.264,2.339,0.851,1.285,2.464,1.26,2.45,1.269,2.267,1.099,2.107,1.285,2.464,1.097,2.133,1.26,2.45,1.101,1.967,1.269,2.267
107030460F,32.481,43.491,13.669,12767,12.145,10.763,32.223,43.491,13.669,10984,15.015,10.741,34.187,44.112,1661,5.546,10.755,31.672,34.793,42.87,13.669,9299,21.792,10.763,33.844,14.29,33.844,1628,17.804,10.019,32.366,14.29,32.366,4554,24.902,11.003,29.715,12.426,29.715,2402,26.269,10.535,1.313,3.13,1.277,3.043,1.383,1.369,3.13,1.35,3.087,1.287,1.481,3.6,1.357,3.3,1.431,1.285,3.043,1.344,3.043,1.359,3.25,1.101,2.609,1.285,3.043,1.094,2.478,1.344,3.043,1.098,2.625,1.359,3.25
107030461T,41.152,48.461,27.337,11707,11.137,7.85,41.002,47.84,27.337,10156,13.883,7.739,42.128,49.704,1423,4.751,8.583,40.817,43.491,47.84,27.337,9342,21.893,7.664,40.674,25.784,40.674,1834,20.057,8.712,41.38,28.393,41.38,4854,26.542,7.346,39.549,27.337,39.549,2158,23.6,7.081,1.099,1.756,1.191,1.902,0.598,1.078,1.565,1.168,1.696,0.452,1.12,1.674,1.167,1.744,0.494,1.191,1.879,1.156,1.685,1.163,1.682,1.069,1.687,1.191,1.879,1.063,1.549,1.156,1.685,1.06,1.534,1.163,1.682
107030462F,40.889,49.083,26.095,11759,11.186,8.342,40.631,48.461,25.784,10189,13.929,8.374,42.513,50.325,1460,4.874,7.843,40.467,43.491,48.461,25.473,8615,20.189,8.548,40.156,25.473,40.156,1527,16.699,7.886,40.831,26.095,40.831,4212,23.031,8.516,39.996,24.231,39.996,2253,24.639,8.852,1.107,1.714,1.184,1.833,0.549,1.088,1.714,1.194,1.881,0.575,1.112,1.846,1.22,2.026,0.66,1.191,1.878,1.187,1.857,1.227,2.026,1.068,1.683,1.191,1.878,1.076,1.683,1.187,1.857,1.072,1.769,1.227,2.026
107030463T,42.041,49.083,27.337,12102,11.513,7.895,42.14,49.083,27.337,10497,14.35,7.868,41.144,48.461,1497,4.998,8.053,42.206,45.355,49.083,27.027,8883,20.817,8.016,41.595,28.58,41.595,1549,16.94,7.118,42.309,27.337,42.309,4337,23.715,8.037,42.259,26.095,42.259,2360,25.809,8.381,1.078,1.6,1.153,1.711,0.484,1.061,1.636,1.164,1.795,0.543,1.065,1.714,1.183,1.905,0.61,1.15,1.674,1.16,1.795,1.176,1.905,1.061,1.543,1.15,1.674,1.072,1.659,1.16,1.795,1.073,1.738,1.176,1.905
107030464T,41.483,49.083,24.852,13147,12.507,8.849,41.644,49.083,24.231,11411,15.599,8.817,40.19,48.461,1625,5.425,8.866,41.93,45.355,49.393,24.852,9708,22.75,8.779,39.464,22.988,39.464,1689,18.471,8.618,42.797,26.716,42.797,4690,25.645,8.311,41.715,23.609,41.715,2638,28.85,9.255,1.134,1.946,1.197,2.054,0.716,1.054,1.674,1.171,1.86,0.589,1.078,1.895,1.198,2.105,0.757,1.197,2.054,1.161,1.86,1.192,2.105,1.086,1.865,1.197,2.054,1.074,1.721,1.161,1.86,1.102,1.947,1.192,2.105
107030465T,42.13,49.083,26.716,13916,13.238,8.112,42.379,49.083,26.716,12011,16.419,8.04,40.2,48.461,1778,5.936,8.383,42.415,45.355,49.083,26.716,10198,23.899,8.171,40.145,25.784,40.145,1831,20.024,7.889,43.068,28.58,43.068,4930,26.958,7.763,42.58,24.852,42.58,2733,29.888,8.566,1.11,1.735,1.172,1.831,0.563,1.047,1.6,1.163,1.778,0.529,1.066,1.8,1.17,1.975,0.688,1.176,1.831,1.154,1.739,1.163,1.993,1.068,1.663,1.176,1.831,1.068,1.609,1.154,1.739,1.08,1.85,1.163,1.993
107030466T,42.156,49.083,27.337,13929,13.251,7.793,42.536,49.083,28.58,12013,16.422,7.443,39.389,48.461,1794,5.99,9.415,42.515,45.355,49.083,27.958,10210,23.927,7.611,40.829,27.958,40.829,1853,20.265,7.356,42.944,28.89,42.944,4933,26.974,7.42,42.754,26.716,42.754,2698,29.506,7.834,1.092,1.6,1.168,1.711,0.465,1.055,1.636,1.158,1.795,0.551,1.065,1.756,1.168,1.927,0.649,1.157,1.689,1.143,1.699,1.148,1.837,1.065,1.556,1.157,1.689,1.063,1.581,1.143,1.699,1.075,1.721,1.148,1.837
107030468T,35.78,45.976,16.464,15275,14.531,10.4,35.795,45.976,16.34,13201,18.046,10.394,35.363,45.355,1934,6.457,10.436,35.68,39.763,45.666,16.154,11229,26.315,10.492,34.982,16.154,34.982,2087,22.824,9.986,36.49,18.018,36.49,5342,29.21,10.109,34.29,13.669,34.29,2986,32.655,11.337,1.277,2.769,1.26,2.731,1.168,1.237,2.572,1.271,2.643,1.079,1.296,3.273,1.314,3.318,1.525,1.261,2.731,1.26,2.552,1.323,3.318,1.101,2.385,1.261,2.731,1.107,2.241,1.26,2.552,1.141,2.864,1.323,3.318
107030469F,41.194,48.461,26.716,12053,11.466,8.104,41.095,47.84,26.716,10447,14.281,8.042,41.863,49.083,1479,4.938,8.458,40.832,43.802,47.84,26.157,9626,22.558,8.073,41.95,26.095,41.95,1873,20.483,8.696,41.665,27.461,41.665,4983,27.247,7.701,37.982,24.852,37.982,2268,24.803,7.773,1.065,1.714,1.168,1.881,0.61,1.072,1.636,1.162,1.773,0.526,1.166,1.8,1.199,1.85,0.544,1.17,1.881,1.148,1.742,1.194,1.825,1.074,1.726,1.17,1.881,1.066,1.618,1.148,1.742,1.063,1.625,1.194,1.825
107030470F,39.422,48.461,21.746,12911,12.282,9.675,39.19,47.84,21.124,11168,15.267,9.688,40.93,49.083,1617,5.399,9.472,38.849,42.87,47.84,21.124,10252,24.025,9.694,40.215,20.503,40.215,2022,22.113,10.357,40.769,23.609,40.769,5219,28.538,8.782,33.913,18.639,33.913,2435,26.629,9.1,1.108,2.149,1.215,2.358,0.941,1.097,1.895,1.188,2.053,0.728,1.292,2.4,1.274,2.367,0.858,1.221,2.394,1.189,2.053,1.264,2.3,1.112,2.182,1.221,2.394,1.082,1.868,1.189,2.053,1.081,1.967,1.264,2.3
107030471F,40.975,49.083,24.852,13130,12.49,8.662,40.615,48.461,24.852,11379,15.555,8.658,43.396,50.947,1620,5.409,8.235,40.303,43.491,48.461,24.231,10445,24.477,8.664,40.253,21.124,40.253,2121,23.196,10.156,41.311,26.716,41.311,5245,28.68,8.114,38.317,24.231,38.317,2524,27.603,8.211,1.102,2.057,1.224,2.286,0.867,1.077,1.674,1.182,1.837,0.554,1.148,1.846,1.212,1.949,0.608,1.219,2.324,1.181,1.826,1.208,1.91,1.111,2.118,1.219,2.324,1.068,1.651,1.181,1.826,1.086,1.718,1.208,1.91
107030473T,40.472,49.083,21.746,13858,13.183,9.47,40.758,49.083,22.367,11989,16.389,9.415,38.298,47.219,1742,5.816,9.563,40.988,45.355,49.083,22.367,10178,23.852,9.435,37.728,20.503,37.728,1785,19.521,9.333,42.241,26.095,42.241,4930,26.958,8.572,40.808,19.882,40.808,2747,30.042,10.071,1.183,2.182,1.232,2.273,0.845,1.069,1.756,1.173,1.927,0.643,1.11,2.323,1.218,2.548,1.092,1.235,2.273,1.169,1.893,1.203,2.469,1.103,2.03,1.235,2.273,1.074,1.738,1.169,1.893,1.111,2.281,1.203,2.469
107030474F,39.509,48.461,21.124,12949,12.318,9.858,39.243,48.461,20.503,11218,15.335,9.892,41.27,49.704,1604,5.355,9.429,38.937,43.18,47.84,20.503,10284,24.1,9.893,39.415,18.639,39.415,2067,22.605,11.07,40.482,22.367,40.482,5209,28.483,9.214,35.184,18.639,35.184,2435,26.629,9.47,1.127,2.4,1.252,2.667,1.129,1.102,2.0,1.194,2.167,0.815,1.248,2.4,1.265,2.433,0.923,1.245,2.633,1.197,2.167,1.271,2.4,1.135,2.4,1.245,2.633,1.09,1.972,1.197,2.167,1.095,2.067,1.271,2.4
107030476F,36.923,47.219,19.26,13787,13.115,10.113,36.747,46.598,19.26,11882,16.243,10.026,37.831,49.083,1760,5.876,10.6,36.308,39.763,46.598,19.26,10911,25.569,9.961,34.995,14.29,34.995,2306,25.219,11.759,36.711,21.746,36.711,5433,29.708,9.37,36.863,20.503,36.863,2598,28.412,9.287,1.262,3.13,1.332,3.304,1.481,1.212,2.087,1.279,2.203,0.722,1.222,2.182,1.255,2.242,0.786,1.332,3.261,1.269,2.143,1.235,2.221,1.136,2.783,1.332,3.261,1.083,1.829,1.269,2.143,1.096,1.97,1.235,2.221
107030477T,32.665,42.87,13.979,19564,18.611,10.355,32.613,42.87,13.669,16437,22.47,10.323,32.618,43.491,2906,9.702,10.475,32.011,35.414,42.87,13.047,13894,32.56,10.479,30.457,11.805,30.457,2469,27.001,10.78,33.277,16.154,33.277,6695,36.609,9.557,29.941,10.873,29.941,3559,38.922,11.334,1.452,3.789,1.351,3.526,1.61,1.364,2.769,1.307,2.654,1.031,1.477,4.0,1.395,3.778,1.708,1.346,3.474,1.288,2.654,1.411,3.886,1.122,2.895,1.346,3.474,1.083,2.231,1.288,2.654,1.133,3.12,1.411,3.886
107030483F,31.935,42.87,13.358,14671,13.956,10.833,31.031,41.938,13.047,12514,17.107,10.644,37.197,47.032,2012,6.717,10.401,30.46,33.55,41.006,12.426,11521,26.999,10.465,33.231,14.911,33.231,1813,19.827,10.598,31.711,13.669,31.711,6102,33.366,10.004,25.136,9.941,25.136,2895,31.66,9.536,1.337,3.0,1.318,2.958,1.244,1.379,3.186,1.303,3.009,1.31,1.676,4.472,1.42,3.789,1.668,1.309,2.917,1.313,3.045,1.384,3.5,1.103,2.458,1.309,2.917,1.097,2.545,1.313,3.045,1.075,2.719,1.384,3.5
107030484F,30.458,41.627,12.426,14400,13.699,10.87,29.52,40.384,12.426,12303,16.818,10.712,35.989,44.112,1959,6.54,10.064,28.998,32.308,39.763,11.805,11393,26.699,10.569,28.879,12.426,28.879,1829,20.002,10.835,30.279,13.047,30.279,5962,32.601,10.469,25.732,9.941,25.732,2851,31.179,9.932,1.519,3.6,1.382,3.275,1.37,1.44,3.429,1.34,3.191,1.382,1.65,4.364,1.398,3.697,1.645,1.377,3.2,1.344,3.119,1.352,3.5,1.097,2.55,1.377,3.2,1.129,2.619,1.344,3.119,1.087,2.812,1.352,3.5
107030485T,30.712,41.627,12.426,15690,14.926,10.361,29.904,40.384,11.805,13497,18.451,10.18,35.635,45.355,2028,6.771,10.08,28.727,31.686,39.142,11.183,11318,26.523,10.089,29.127,12.426,29.127,2325,25.427,9.905,29.158,12.426,29.158,5637,30.823,9.687,26.164,8.698,26.164,2561,28.007,10.901,1.51,3.429,1.342,3.048,1.271,1.489,3.445,1.355,3.134,1.313,1.633,4.8,1.451,4.266,1.94,1.344,3.15,1.357,3.185,1.472,4.429,1.088,2.55,1.344,3.15,1.108,2.6,1.357,3.185,1.116,3.357,1.472,4.429
107030486T,24.373,35.414,8.698,15577,14.818,10.463,24.26,34.793,8.698,13314,18.2,10.363,24.823,36.035,2107,7.035,11.015,23.057,25.473,32.929,8.077,11174,26.186,9.876,24.611,9.941,24.611,2062,22.55,10.347,23.435,8.698,23.435,5556,30.381,9.144,20.841,6.524,20.841,2734,29.899,10.553,1.786,4.5,1.414,3.562,1.52,1.897,4.965,1.381,3.614,1.617,2.144,6.857,1.54,4.924,2.197,1.414,3.5,1.379,3.714,1.55,4.952,1.06,2.625,1.414,3.5,1.1,2.964,1.379,3.714,1.103,3.524,1.55,4.952
107030487T,31.936,40.695,17.396,16873,16.051,8.713,31.416,39.763,16.775,14557,19.9,8.642,35.174,43.491,2151,7.181,8.445,30.342,32.618,38.521,15.532,12271,28.757,8.429,30.825,17.086,30.825,2558,27.975,8.58,30.991,17.396,30.991,6140,33.574,8.095,27.75,11.183,27.75,2714,29.681,9.002,1.43,2.572,1.291,2.321,0.798,1.42,2.572,1.262,2.286,0.811,1.558,3.6,1.32,3.05,1.311,1.29,2.327,1.263,2.25,1.321,3.278,1.048,1.891,1.29,2.327,1.073,1.911,1.263,2.25,1.097,2.722,1.321,3.278
107030488F,31.608,42.248,14.787,15513,14.757,10.212,30.85,41.006,14.29,13240,18.099,10.072,35.959,45.541,2129,7.108,9.917,30.345,32.929,40.384,14.29,12106,28.37,9.825,33.14,18.018,33.14,1889,20.658,9.506,31.613,16.154,31.613,6459,35.318,9.161,25.074,10.562,25.074,2995,32.754,9.436,1.343,2.483,1.287,2.379,0.849,1.393,2.769,1.283,2.55,0.988,1.695,4.235,1.401,3.5,1.498,1.294,2.379,1.277,2.5,1.383,3.282,1.076,1.979,1.294,2.379,1.081,2.115,1.277,2.5,1.065,2.529,1.383,3.282
107030561T,28.725,38.521,10.562,16724,15.909,9.984,28.764,38.521,11.183,14292,19.537,9.75,28.244,39.887,2259,7.542,11.261,27.618,30.444,36.967,10.562,12056,28.253,9.449,29.09,12.426,29.09,2615,28.598,9.365,27.675,11.805,27.675,5935,32.453,8.985,26.342,8.698,26.342,2599,28.423,10.105,1.526,3.6,1.314,3.1,1.359,1.613,4.0,1.321,3.278,1.481,1.718,5.143,1.408,4.214,1.993,1.303,3.05,1.325,3.105,1.392,4.214,1.089,2.55,1.303,3.05,1.1,2.579,1.325,3.105,1.116,3.379,1.392,4.214
107030565F,31.511,42.248,9.32,10584,10.068,11.487,30.767,41.627,9.009,8732,11.937,11.433,34.918,44.112,1717,5.733,11.081,30.334,34.793,41.006,8.698,7907,18.53,11.416,31.686,10.562,31.686,1295,14.162,11.357,30.716,9.32,30.716,3967,21.692,10.781,27.818,5.902,27.818,2097,22.933,12.071,1.4,4.235,1.361,4.118,2.026,1.426,4.5,1.313,4.144,2.156,1.539,6.546,1.4,5.955,3.253,1.353,4.059,1.329,4.38,1.429,6.737,1.118,3.353,1.353,4.059,1.133,3.733,1.329,4.38,1.139,5.369,1.429,6.737
107030568T,24.338,36.657,6.213,15038,14.306,11.383,24.363,36.657,6.213,12628,17.263,11.386,23.97,36.035,2231,7.449,11.324,23.483,26.095,36.035,6.213,10752,25.197,11.206,26.864,7.456,26.864,2353,25.733,11.493,23.162,6.213,23.162,5152,28.171,10.802,21.202,4.97,21.202,2386,26.094,11.021,1.659,6.0,1.452,5.25,2.615,1.926,7.2,1.498,5.6,2.737,2.086,8.78,1.535,6.463,3.21,1.457,5.25,1.502,5.6,1.553,6.626,1.133,4.083,1.457,5.25,1.1,4.1,1.502,5.6,1.084,4.625,1.553,6.626
107034530F,34.026,47.84,11.805,6940,6.602,12.877,33.797,47.84,11.805,5917,8.089,12.816,35.173,49.083,949,3.168,13.188,33.672,38.521,47.84,11.805,5403,12.662,12.853,34.337,13.047,34.337,1191,13.025,13.08,33.984,12.426,33.984,2576,14.086,12.719,32.196,10.562,32.196,1258,13.758,12.857,1.438,3.81,1.42,3.762,1.649,1.449,4.21,1.413,4.105,1.906,1.528,4.706,1.432,4.412,2.081,1.411,3.714,1.408,3.85,1.447,4.412,1.14,3.0,1.411,3.714,1.134,3.1,1.408,3.85,1.139,3.471,1.447,4.412
107034533T,27.451,41.627,6.834,6720,6.393,12.715,27.115,41.627,6.834,5803,7.933,12.673,29.571,42.248,854,2.851,12.706,26.654,30.444,41.006,6.834,5354,12.547,12.521,26.303,6.834,26.303,867,9.482,12.539,28.836,9.009,28.836,2548,13.933,12.044,24.15,4.97,24.15,1621,17.727,12.636,1.671,6.0,1.531,5.5,2.591,1.559,5.143,1.472,4.857,2.3,1.79,8.674,1.566,7.59,3.846,1.535,5.909,1.465,4.69,1.595,7.751,1.157,4.455,1.535,5.909,1.12,3.586,1.465,4.69,1.142,5.551,1.595,7.751
107034534T,38.48,49.393,19.882,5939,5.65,10.641,37.938,49.083,19.882,5130,7.013,10.544,41.972,51.568,756,2.524,10.668,37.425,41.006,48.461,19.26,4700,11.014,10.437,38.512,22.056,38.512,788,8.618,9.726,39.072,22.367,39.072,2132,11.658,9.515,34.699,16.154,34.699,1516,16.579,11.029,1.279,2.222,1.263,2.194,0.737,1.265,2.286,1.249,2.257,0.807,1.396,2.963,1.343,2.852,1.123,1.274,2.225,1.24,2.167,1.343,2.885,1.081,1.887,1.274,2.225,1.081,1.889,1.24,2.167,1.128,2.423,1.343,2.885
107034535F,29.65,42.87,9.941,6994,6.653,12.602,29.065,42.248,9.941,6033,8.247,12.53,33.55,46.287,894,2.985,12.356,28.625,32.618,41.627,9.32,5664,13.273,12.451,29.609,9.32,29.609,1411,15.431,12.35,29.054,9.941,29.054,2738,14.972,12.242,26.332,7.456,26.332,1235,13.506,12.794,1.498,4.5,1.435,4.312,2.005,1.506,4.5,1.422,4.25,1.988,1.641,5.538,1.527,5.154,2.376,1.448,4.6,1.433,4.187,1.534,5.416,1.133,3.6,1.448,4.6,1.155,3.375,1.433,4.187,1.121,3.958,1.534,5.416
107034536F,41.101,50.947,23.609,6599,6.278,10.05,40.493,50.325,23.609,5691,7.78,10.006,44.906,53.432,848,2.831,9.529,40.235,43.802,50.015,22.988,5310,12.444,9.987,39.992,23.609,39.992,1348,14.742,10.06,40.867,24.231,40.867,2516,13.758,9.627,39.354,21.124,39.354,1182,12.927,10.723,1.23,2.105,1.245,2.132,0.712,1.197,2.051,1.227,2.103,0.714,1.241,2.286,1.257,2.314,0.841,1.258,2.132,1.231,2.077,1.263,2.353,1.087,1.842,1.258,2.132,1.079,1.82,1.231,2.077,1.105,2.059,1.263,2.353
107034547T,31.006,40.384,14.29,16693,15.88,9.391,30.728,39.763,14.29,14396,19.68,9.249,32.49,41.627,2136,7.131,10.137,29.704,32.308,38.521,13.669,12157,28.489,9.005,30.454,14.29,30.454,2586,28.281,9.192,29.942,14.29,29.942,6074,33.213,8.725,28.138,11.805,28.138,2643,28.904,9.398,1.46,3.13,1.298,2.783,1.144,1.474,3.13,1.289,2.739,1.124,1.568,3.789,1.328,3.21,1.417,1.285,2.739,1.287,2.696,1.347,3.21,1.081,2.304,1.285,2.739,1.1,2.304,1.287,2.696,1.1,2.621,1.347,3.21
107218265T,35.293,46.598,18.639,7321,6.964,10.388,35.073,45.976,18.639,6273,8.575,10.3,36.705,47.84,969,3.235,10.765,34.778,37.899,45.976,18.639,5822,13.644,10.297,35.249,19.26,35.249,828,9.055,10.558,34.971,18.639,34.971,3164,17.301,10.079,33.693,16.775,33.693,1463,16.0,10.64,1.265,2.4,1.317,2.5,0.898,1.274,2.4,1.309,2.467,0.885,1.313,2.667,1.349,2.741,1.032,1.322,2.419,1.315,2.467,1.346,2.704,1.093,2.0,1.322,2.419,1.093,2.05,1.315,2.467,1.088,2.185,1.346,2.704
107218266T,32.61,45.355,11.805,7503,7.138,12.075,32.183,44.734,11.805,6421,8.778,12.045,35.342,47.219,1001,3.342,11.9,31.822,35.414,44.734,11.805,5951,13.946,12.049,32.544,8.698,32.544,852,9.318,12.969,32.478,13.669,32.478,3244,17.738,11.563,30.129,10.562,30.129,1487,16.262,12.187,1.366,4.8,1.423,5.0,2.513,1.362,3.273,1.381,3.318,1.402,1.447,4.114,1.427,4.057,1.843,1.413,5.286,1.377,3.273,1.464,4.176,1.145,4.286,1.413,5.286,1.11,2.636,1.377,3.273,1.093,3.118,1.464,4.176
107218273F,41.217,49.083,26.095,13247,12.602,8.614,40.891,49.083,26.095,11467,15.676,8.619,43.372,50.947,1648,5.502,8.228,40.578,43.491,48.461,25.473,10529,24.674,8.619,40.423,22.367,40.423,2180,23.841,9.663,41.104,27.337,41.104,5321,29.096,8.185,39.649,24.852,39.649,2493,27.264,8.479,1.098,1.946,1.22,2.162,0.773,1.082,1.636,1.188,1.795,0.512,1.114,1.756,1.192,1.878,0.576,1.214,2.194,1.182,1.777,1.191,1.9,1.107,2.0,1.214,2.194,1.073,1.614,1.182,1.777,1.081,1.725,1.191,1.9
107218274F,41.069,49.083,26.095,13474,12.818,8.576,40.635,48.648,26.095,11650,15.926,8.524,43.911,51.754,1684,5.622,8.313,40.288,43.491,48.461,25.473,10680,25.028,8.511,39.413,21.124,39.413,2208,24.147,9.831,40.649,26.716,40.649,5396,29.506,8.183,40.177,26.095,40.177,2526,27.625,7.936,1.125,2.057,1.234,2.257,0.829,1.09,1.674,1.196,1.837,0.536,1.099,1.714,1.191,1.857,0.559,1.23,2.294,1.192,1.814,1.191,1.833,1.103,2.059,1.23,2.294,1.07,1.628,1.192,1.814,1.067,1.643,1.191,1.833
107373569T,33.782,41.938,19.882,16597,15.789,8.216,33.243,41.006,19.882,14301,19.55,8.109,37.099,44.734,2135,7.128,8.086,32.356,34.482,40.074,19.26,12033,28.199,7.92,32.557,19.882,32.557,2549,27.876,8.207,32.68,19.882,32.68,6012,32.874,7.554,30.735,16.154,30.735,2618,28.631,8.459,1.359,2.25,1.246,2.062,0.656,1.342,2.182,1.23,2.0,0.626,1.42,2.667,1.262,2.37,0.878,1.25,2.047,1.236,2.031,1.274,2.423,1.05,1.719,1.25,2.047,1.065,1.75,1.236,2.031,1.092,2.077,1.274,2.423
107373570F,28.686,39.142,13.047,15812,15.042,10.002,28.161,38.521,12.426,13493,18.445,9.896,31.703,42.248,2178,7.272,10.027,27.415,29.822,37.278,12.426,12349,28.939,9.505,30.216,16.775,30.216,1906,20.844,9.363,28.994,14.725,28.994,6554,35.838,8.73,21.757,9.941,21.757,3082,33.705,8.594,1.471,2.667,1.328,2.407,0.813,1.528,3.0,1.305,2.563,0.963,1.972,4.5,1.397,3.187,1.282,1.337,2.407,1.307,2.574,1.371,3.0,1.049,1.889,1.337,2.407,1.071,2.11,1.307,2.574,1.057,2.312,1.371,3.0
107410437F,34.007,42.87,18.018,4768,4.536,9.24,33.625,42.248,18.018,4102,5.608,9.114,36.197,45.355,614,2.05,9.723,33.111,35.414,41.627,18.018,3791,8.884,8.883,33.892,18.018,33.892,598,6.54,9.173,33.636,19.26,33.636,2041,11.16,8.388,31.16,15.532,31.16,937,10.247,9.36,1.302,2.483,1.248,2.379,0.907,1.325,2.323,1.251,2.194,0.753,1.405,2.769,1.288,2.538,0.971,1.247,2.345,1.238,2.161,1.276,2.56,1.082,2.034,1.247,2.345,1.071,1.871,1.238,2.161,1.057,2.12,1.276,2.56
107410438F,34.302,42.87,18.018,4727,4.497,9.475,33.832,42.87,18.018,4067,5.56,9.25,37.012,46.598,610,2.037,10.357,33.258,36.035,41.627,18.018,3758,8.807,9.021,33.99,18.018,33.99,589,6.441,9.007,33.745,19.26,33.745,2017,11.029,8.559,31.238,15.532,31.238,936,10.236,9.498,1.297,2.483,1.243,2.379,0.914,1.316,2.323,1.243,2.194,0.765,1.396,2.88,1.28,2.64,1.063,1.243,2.345,1.234,2.161,1.293,2.6,1.078,2.034,1.243,2.345,1.077,1.887,1.234,2.161,1.074,2.16,1.293,2.6
107410440T,30.044,41.006,14.29,4747,4.516,10.107,29.828,41.006,14.29,4074,5.569,9.761,31.192,44.112,614,2.05,12.019,29.238,31.686,39.763,14.29,3735,8.753,9.583,30.804,16.775,30.804,787,8.607,9.05,29.315,14.29,29.315,1950,10.663,9.465,27.189,13.047,27.189,789,8.629,9.675,1.425,2.667,1.346,2.519,0.871,1.52,3.273,1.351,2.909,1.153,1.642,3.6,1.396,3.06,1.192,1.331,2.444,1.356,2.783,1.394,2.905,1.069,1.963,1.331,2.444,1.091,2.239,1.356,2.783,1.074,2.238,1.394,2.905
107410441T,32.817,43.491,15.532,4559,4.337,10.597,32.08,42.248,15.532,3919,5.357,10.229,37.308,48.461,583,1.946,11.7,31.524,34.171,41.627,15.532,3586,8.404,10.114,31.825,16.775,31.825,774,8.465,9.591,31.441,15.532,31.441,1861,10.176,9.829,30.565,14.911,30.565,750,8.202,10.666,1.375,2.667,1.336,2.593,0.94,1.395,2.88,1.317,2.72,1.065,1.434,3.0,1.334,2.792,1.092,1.328,2.519,1.324,2.68,1.342,2.75,1.093,2.074,1.328,2.519,1.087,2.2,1.324,2.68,1.098,2.25,1.342,2.75
111938004T,42.77,51.568,25.473,5503,5.235,9.356,42.212,50.947,24.852,4765,6.514,9.291,46.586,54.053,686,2.29,8.958,41.786,45.355,50.636,24.852,4362,10.222,9.24,41.781,24.541,41.781,746,8.158,9.304,42.885,27.958,42.885,1987,10.865,8.44,39.932,21.746,39.932,1397,15.278,9.844,1.177,2.025,1.192,2.051,0.72,1.146,1.778,1.189,1.844,0.552,1.224,2.222,1.239,2.25,0.816,1.204,2.051,1.188,1.822,1.245,2.286,1.086,1.848,1.204,2.051,1.072,1.644,1.188,1.822,1.105,2.029,1.245,2.286
111938038F,35.272,45.976,12.426,3533,3.361,11.458,35.829,45.976,13.669,3179,4.346,11.06,30.302,44.112,324,1.082,13.628,35.309,39.142,44.734,13.669,2948,6.909,10.686,36.73,15.532,36.73,491,5.37,10.47,35.935,14.911,35.935,1520,8.311,10.291,33.614,11.805,33.614,793,8.672,10.98,1.51,3.56,1.273,3.0,1.358,1.554,3.87,1.257,3.13,1.489,1.669,5.235,1.331,4.176,2.138,1.269,3.0,1.245,3.0,1.312,3.737,1.108,2.62,1.269,3.0,1.107,2.667,1.245,3.0,1.127,3.21,1.312,3.737
111938038T,35.619,44.734,18.018,3209,3.053,9.778,35.935,44.734,18.639,2914,3.983,9.518,32.451,44.734,264,0.881,11.694,35.878,39.142,44.734,18.639,2678,6.276,9.514,37.841,21.124,37.841,631,6.901,8.45,36.409,19.882,36.409,1376,7.524,9.012,32.871,15.532,32.871,562,6.146,10.59,1.466,2.618,1.219,2.176,0.786,1.533,2.871,1.241,2.323,0.872,1.677,3.56,1.319,2.8,1.123,1.215,2.176,1.229,2.25,1.304,2.76,1.067,1.912,1.215,2.176,1.092,2.0,1.229,2.25,1.096,2.32,1.304,2.76
111981560T,29.694,41.627,10.562,7060,6.716,11.534,29.239,41.006,9.941,6077,8.307,11.533,32.572,42.87,918,3.065,11.01,28.956,32.929,41.006,9.941,5651,13.243,11.505,24.142,6.834,24.142,815,8.913,12.287,30.411,11.805,30.411,2948,16.12,11.053,29.062,9.941,29.062,1535,16.787,10.989,1.809,6.546,1.608,5.818,2.618,1.47,3.789,1.368,3.526,1.578,1.497,4.235,1.362,3.853,1.829,1.596,5.637,1.369,3.526,1.368,4.0,1.107,3.909,1.596,5.637,1.124,2.895,1.369,3.526,1.133,3.312,1.368,4.0
111981561T,25.817,39.763,5.592,7052,6.709,12.995,25.403,39.142,5.592,6078,8.309,12.953,28.61,41.006,911,3.042,12.863,25.062,27.958,38.521,5.592,5643,13.224,12.833,20.175,3.728,20.175,919,10.05,12.843,26.515,6.213,26.515,2927,16.005,12.671,25.559,5.592,25.559,1453,15.89,12.464,2.157,10.286,1.738,8.286,3.768,1.68,7.2,1.493,6.4,3.286,1.713,7.2,1.498,6.3,3.204,1.725,9.333,1.5,6.4,1.531,7.0,1.078,5.833,1.725,9.333,1.101,4.7,1.5,6.4,1.118,5.111,1.531,7.0
111981626F,28.215,40.384,8.698,10017,9.529,11.491,28.075,40.384,8.698,8490,11.606,11.495,28.903,40.695,1433,4.784,11.383,27.856,31.997,39.887,8.698,7882,18.471,11.484,27.202,8.698,27.202,1282,14.02,11.413,28.786,9.32,28.786,4033,22.053,11.169,26.118,8.077,26.118,1987,21.73,11.962,1.626,5.143,1.423,4.5,2.163,1.557,4.8,1.406,4.333,2.083,1.692,5.538,1.504,4.923,2.273,1.439,4.5,1.403,4.333,1.522,4.923,1.142,3.572,1.439,4.5,1.144,3.533,1.403,4.333,1.118,3.615,1.522,4.923
111981628T,26.967,39.142,7.456,9584,9.117,11.372,27.089,39.142,7.456,8129,11.112,11.332,26.243,38.521,1363,4.551,11.595,26.692,30.444,38.521,7.456,7427,17.405,11.257,25.351,6.834,25.351,1316,14.392,11.229,27.899,8.698,27.899,3804,20.801,11.102,24.911,6.213,24.911,1799,19.674,11.113,1.736,6.261,1.471,5.304,2.606,1.619,5.143,1.416,4.5,2.178,1.802,7.2,1.476,5.9,2.996,1.47,5.455,1.403,4.5,1.472,5.9,1.127,4.182,1.47,5.455,1.136,3.643,1.403,4.5,1.147,4.6,1.472,5.9
111981912T,40.669,49.083,24.852,6135,5.836,8.916,40.37,49.083,24.852,5265,7.197,8.909,42.49,50.947,809,2.701,8.809,40.111,42.87,48.461,24.231,4658,10.916,8.978,40.687,24.231,40.687,752,8.224,9.434,40.235,24.231,40.235,2250,12.303,8.827,39.082,22.988,39.082,1355,14.818,8.78,1.21,2.0,1.21,2.0,0.652,1.224,2.0,1.209,1.975,0.634,1.261,2.162,1.229,2.108,0.715,1.206,2.026,1.204,2.0,1.224,2.081,1.069,1.795,1.206,2.026,1.073,1.782,1.204,2.0,1.073,1.824,1.224,2.081
111981913F,37.727,49.704,18.018,6529,6.211,11.248,37.307,49.083,18.018,5617,7.679,11.247,40.174,51.382,846,2.825,10.902,37.148,41.006,49.083,18.018,5211,12.212,11.266,37.68,17.396,37.68,1228,13.43,11.689,37.467,18.639,37.467,2490,13.615,10.923,35.709,16.154,35.709,1173,12.828,11.557,1.306,2.857,1.322,2.893,1.188,1.312,2.667,1.312,2.667,1.032,1.37,2.963,1.336,2.889,1.163,1.336,2.893,1.31,2.633,1.34,2.961,1.138,2.464,1.336,2.893,1.103,2.217,1.31,2.633,1.114,2.461,1.34,2.961
111981915T,44.072,52.189,28.58,6316,6.008,8.869,43.627,52.189,28.58,5416,7.404,8.886,46.835,54.488,839,2.801,8.312,43.206,46.598,51.568,27.958,4784,11.211,9.004,43.741,27.337,43.741,758,8.29,9.157,43.98,29.822,43.98,2284,12.489,8.503,41.276,26.095,41.276,1438,15.726,9.456,1.123,1.778,1.179,1.867,0.583,1.121,1.667,1.177,1.75,0.487,1.187,1.86,1.231,1.93,0.567,1.193,1.909,1.173,1.729,1.219,1.929,1.065,1.705,1.193,1.909,1.06,1.563,1.173,1.729,1.069,1.69,1.219,1.929
111981916F,44.2,52.81,27.958,6747,6.418,9.038,43.674,52.189,27.337,5799,7.927,9.045,47.358,54.985,878,2.931,8.282,43.508,46.598,52.189,27.337,5390,12.631,9.091,43.745,25.473,43.745,1326,14.501,9.584,43.842,27.958,43.842,2523,13.796,8.755,42.636,26.716,42.636,1224,13.386,9.308,1.125,1.951,1.209,2.098,0.734,1.12,1.739,1.19,1.848,0.553,1.149,1.818,1.206,1.909,0.583,1.207,2.073,1.19,1.867,1.209,1.93,1.087,1.866,1.207,2.073,1.063,1.667,1.19,1.867,1.078,1.721,1.209,1.93
111981932T,44.39,52.81,28.58,6434,6.121,8.745,44.003,52.189,27.958,5535,7.566,8.745,46.82,54.674,841,2.808,8.407,43.554,46.908,51.568,27.337,4912,11.511,8.79,43.866,26.095,43.866,750,8.202,9.52,44.502,30.444,44.502,2302,12.587,8.088,41.754,24.852,41.754,1548,16.929,9.292,1.121,1.86,1.191,1.977,0.66,1.11,1.606,1.166,1.687,0.447,1.174,1.951,1.218,2.024,0.663,1.19,2.0,1.173,1.714,1.22,2.05,1.091,1.833,1.19,2.0,1.061,1.551,1.173,1.714,1.086,1.825,1.22,2.05
111981933T,45.142,53.432,29.015,6214,5.911,8.728,44.734,52.81,28.58,5343,7.304,8.735,47.613,55.296,815,2.721,8.37,44.277,47.219,52.376,27.958,4729,11.082,8.817,44.703,26.716,44.703,716,7.83,9.551,45.062,30.444,45.062,2265,12.385,8.098,42.54,25.473,42.54,1443,15.781,9.381,1.097,1.818,1.179,1.955,0.657,1.096,1.633,1.164,1.735,0.49,1.155,1.905,1.212,2.0,0.65,1.195,2.0,1.172,1.735,1.212,2.024,1.084,1.814,1.195,2.0,1.062,1.571,1.172,1.735,1.081,1.805,1.212,2.024
111981934F,43.858,52.81,26.716,7217,6.865,9.438,43.495,52.189,26.095,6234,8.522,9.409,46.106,54.488,920,3.072,9.328,43.289,47.219,52.189,26.095,5808,13.611,9.462,44.167,24.976,44.167,1413,15.453,10.103,43.878,27.958,43.878,2681,14.66,8.683,41.007,23.05,41.007,1391,15.212,10.029,1.115,1.951,1.199,2.098,0.749,1.125,1.778,1.181,1.867,0.581,1.194,2.105,1.239,2.184,0.763,1.196,2.114,1.189,1.867,1.242,2.21,1.097,1.94,1.196,2.114,1.076,1.689,1.189,1.867,1.091,1.941,1.242,2.21
111981935F,44.152,52.313,27.958,7391,7.031,8.856,43.708,52.189,27.958,6382,8.724,8.882,47.033,54.674,945,3.155,8.003,43.579,46.598,52.189,27.337,5939,13.918,8.914,44.169,27.027,44.169,1444,15.792,9.4,44.127,29.201,44.127,2754,15.059,8.326,41.779,25.473,41.779,1406,15.376,9.288,1.117,1.818,1.187,1.932,0.627,1.116,1.702,1.172,1.787,0.525,1.168,1.905,1.227,2.0,0.63,1.182,1.931,1.183,1.787,1.219,2.0,1.083,1.77,1.182,1.931,1.07,1.617,1.183,1.787,1.074,1.761,1.219,2.0
111982411F,38.692,46.598,22.988,12431,11.826,8.779,38.49,46.598,22.367,10697,14.623,8.786,39.972,47.84,1597,5.332,8.599,38.312,41.627,46.598,22.367,9121,21.375,8.992,39.131,24.852,39.131,1659,18.143,8.619,39.284,23.609,39.284,4460,24.388,8.735,36.36,18.577,36.36,2307,25.23,9.476,1.139,1.8,1.202,1.9,0.581,1.137,1.895,1.2,2.0,0.667,1.216,2.4,1.233,2.433,0.974,1.207,1.9,1.202,2.0,1.23,2.408,1.08,1.7,1.207,1.9,1.091,1.816,1.202,2.0,1.111,2.174,1.23,2.408
111982413T,36.083,47.219,18.95,11935,11.354,10.394,35.86,47.219,18.639,10239,13.997,10.326,37.434,48.461,1549,5.172,10.68,35.512,39.142,46.598,18.639,9448,22.141,10.288,36.351,20.503,36.351,1686,18.438,9.528,36.107,19.385,36.107,4874,26.651,10.389,33.375,16.154,33.375,2300,25.153,10.272,1.222,2.182,1.29,2.303,0.785,1.236,2.308,1.305,2.436,0.867,1.315,2.667,1.333,2.704,1.028,1.282,2.273,1.308,2.436,1.34,2.769,1.077,1.909,1.282,2.273,1.118,2.083,1.308,2.436,1.098,2.269,1.34,2.769
111982414F,28.48,42.248,9.32,12629,12.014,12.082,28.185,42.248,9.32,10894,14.892,12.054,30.454,43.677,1579,5.272,12.069,27.767,30.444,41.627,9.32,10079,23.62,11.908,24.73,8.077,24.73,1850,20.232,11.131,29.607,9.941,29.607,5189,28.374,12.226,25.377,8.077,25.377,2501,27.351,10.846,1.761,5.143,1.492,4.357,1.921,1.505,4.5,1.484,4.437,1.99,1.714,5.217,1.452,4.42,2.044,1.482,4.538,1.49,4.437,1.469,4.615,1.105,3.385,1.482,4.538,1.091,3.25,1.49,4.437,1.094,3.438,1.469,4.615
111982416T,31.671,42.559,12.612,12752,12.131,10.774,31.365,42.248,12.426,11041,15.093,10.797,33.694,43.491,1572,5.248,10.309,30.851,34.793,41.627,12.426,9505,22.275,10.834,33.278,13.669,33.278,1765,19.302,10.612,31.685,12.426,31.685,4690,25.645,11.034,27.902,10.562,27.902,2381,26.039,10.344,1.338,3.13,1.3,3.043,1.34,1.4,3.6,1.341,3.45,1.572,1.562,4.235,1.389,3.765,1.711,1.307,3.182,1.353,3.45,1.381,3.647,1.12,2.727,1.307,3.182,1.137,2.9,1.353,3.45,1.113,2.941,1.381,3.647
111986234F,44.035,52.81,24.541,6154,5.854,10.192,43.701,52.81,24.852,5317,7.268,9.978,46.325,54.674,783,2.614,10.951,43.571,47.219,52.189,24.852,4962,11.628,9.959,44.506,27.027,44.506,1286,14.064,9.322,44.098,25.473,44.098,2278,12.456,9.622,41.484,21.435,41.484,1140,12.467,11.085,1.112,1.86,1.196,2.0,0.673,1.122,2.051,1.192,2.179,0.829,1.174,2.286,1.247,2.428,0.947,1.187,1.954,1.183,2.049,1.243,2.406,1.089,1.793,1.187,1.954,1.085,1.878,1.183,2.049,1.108,2.145,1.243,2.406
111986235T,43.286,52.81,21.124,5719,5.44,10.963,42.873,52.81,20.503,4944,6.759,10.887,46.159,54.674,717,2.394,11.003,42.259,46.598,52.189,19.882,4500,10.546,10.943,41.002,13.047,41.002,749,8.191,13.278,43.261,22.988,43.261,2076,11.352,10.153,41.083,20.503,41.083,1446,15.814,10.632,1.191,3.81,1.266,4.048,2.198,1.144,2.222,1.211,2.353,0.943,1.192,2.353,1.236,2.441,0.975,1.273,4.0,1.206,2.27,1.24,2.485,1.152,3.619,1.273,4.0,1.091,2.054,1.206,2.27,1.104,2.212,1.24,2.485
111986236T,42.072,52.189,19.882,6566,6.246,11.463,41.745,52.189,19.882,5682,7.767,11.349,44.396,54.674,819,2.734,11.87,41.251,45.976,51.568,18.639,5071,11.884,11.438,40.086,12.426,40.086,811,8.869,13.747,42.287,21.124,42.287,2369,12.954,10.816,40.165,19.26,40.165,1579,17.268,11.179,1.218,3.81,1.278,4.0,2.129,1.173,2.424,1.232,2.545,1.066,1.219,2.581,1.265,2.677,1.117,1.302,4.2,1.219,2.441,1.268,2.645,1.162,3.75,1.302,4.2,1.102,2.206,1.219,2.441,1.098,2.29,1.268,2.645
111986960F,29.081,38.521,13.669,15041,14.308,9.262,28.652,37.899,13.669,12851,17.568,9.153,31.543,40.819,2032,6.784,9.554,28.085,30.444,37.278,13.669,11687,27.388,8.9,29.683,15.532,29.683,2040,22.31,9.291,28.385,13.669,28.385,6044,33.049,8.543,25.888,11.805,25.888,2914,31.868,8.857,1.498,2.88,1.311,2.52,0.923,1.556,3.2,1.296,2.667,1.057,1.687,3.789,1.359,3.053,1.247,1.319,2.52,1.291,2.682,1.368,3.0,1.067,2.04,1.319,2.52,1.094,2.273,1.291,2.682,1.08,2.368,1.368,3.0
111986961F,30.519,40.384,15.532,13263,12.617,9.698,29.937,39.142,14.911,11390,15.57,9.411,34.095,44.112,1740,5.809,10.637,29.374,31.065,37.899,14.911,10381,24.327,9.158,31.42,18.018,31.42,1744,19.073,9.126,29.692,16.154,29.692,5406,29.56,8.514,26.697,12.426,26.697,2648,28.959,9.599,1.415,2.572,1.297,2.357,0.817,1.481,2.769,1.275,2.385,0.87,1.626,3.512,1.377,2.976,1.161,1.285,2.241,1.276,2.346,1.373,2.95,1.048,1.828,1.285,2.241,1.067,1.961,1.276,2.346,1.059,2.275,1.373,2.95
111987063T,30.829,44.734,8.698,8361,7.954,12.962,30.45,44.112,8.698,7186,9.823,12.897,33.176,46.908,1095,3.656,13.155,30.055,34.171,44.112,8.077,6663,15.614,12.898,31.636,9.32,31.636,1010,11.045,13.398,31.714,10.251,31.714,3433,18.772,12.365,26.862,5.592,26.862,1779,19.455,12.815,1.393,4.5,1.431,4.625,2.231,1.403,4.364,1.423,4.424,2.11,1.623,7.2,1.533,6.8,3.436,1.453,4.933,1.411,4.364,1.527,7.333,1.178,4.0,1.453,4.933,1.117,3.455,1.411,4.364,1.11,5.333,1.527,7.333
111987064T,37.504,47.84,20.503,7581,7.212,9.995,36.961,47.219,20.503,6514,8.905,9.864,40.922,50.636,993,3.315,10.193,36.783,39.763,47.219,20.503,6058,14.197,9.886,37.129,19.882,37.129,933,10.203,9.392,37.311,22.367,37.311,3144,17.192,9.35,35.48,18.639,35.48,1613,17.64,10.537,1.199,2.25,1.266,2.375,0.876,1.187,2.0,1.27,2.139,0.684,1.232,2.4,1.318,2.567,0.948,1.272,2.375,1.266,2.111,1.301,2.477,1.079,2.016,1.272,2.375,1.066,1.778,1.266,2.111,1.086,2.067,1.301,2.477
111987065F,36.342,47.84,15.532,8958,8.522,11.741,35.863,47.84,14.911,7687,10.508,11.752,39.294,49.393,1188,3.966,11.147,35.319,39.763,47.219,14.911,7022,16.456,11.705,34.166,13.669,34.166,1346,14.72,11.909,36.653,16.154,36.653,3694,20.199,11.33,32.845,13.047,32.845,1592,17.41,11.742,1.292,3.13,1.346,3.261,1.423,1.211,2.769,1.295,2.961,1.286,1.327,3.429,1.364,3.524,1.584,1.364,3.409,1.305,2.961,1.381,3.476,1.109,2.773,1.364,3.409,1.119,2.538,1.305,2.961,1.116,2.81,1.381,3.476
111987066F,37.181,47.84,19.882,8668,8.246,10.143,36.538,47.219,19.882,7460,10.198,10.08,41.141,50.512,1133,3.783,9.557,35.912,38.521,46.287,19.26,6795,15.924,10.002,34.139,18.018,34.139,1349,14.753,10.11,37.341,21.746,37.341,3605,19.712,9.299,33.659,15.532,33.659,1493,16.328,10.638,1.294,2.483,1.312,2.517,0.918,1.182,2.057,1.264,2.2,0.741,1.29,2.667,1.326,2.741,1.067,1.31,2.483,1.265,2.171,1.329,2.88,1.074,2.034,1.31,2.483,1.065,1.829,1.265,2.171,1.089,2.36,1.329,2.88
111987140F,30.932,41.006,13.047,4827,4.592,10.076,31.067,41.006,13.172,4150,5.673,9.903,29.95,41.006,625,2.087,11.048,30.586,33.55,40.384,13.047,3841,9.001,9.604,31.397,14.911,31.397,599,6.551,9.236,31.483,14.29,31.483,2036,11.133,9.276,28.787,11.805,28.787,978,10.696,9.991,1.414,3.0,1.296,2.75,1.121,1.437,3.273,1.297,2.954,1.278,1.547,3.789,1.332,3.263,1.449,1.306,2.75,1.283,2.826,1.338,3.263,1.108,2.333,1.306,2.75,1.095,2.413,1.283,2.826,1.09,2.658,1.338,3.263
111987140T,30.074,39.763,14.29,4702,4.473,9.339,29.948,39.763,13.669,4041,5.524,9.364,30.739,38.521,603,2.013,9.052,29.507,32.308,39.142,13.669,3705,8.683,9.288,30.52,14.911,30.52,845,9.241,9.603,29.497,13.669,29.497,1886,10.313,9.175,28.233,13.669,28.233,768,8.399,9.215,1.453,3.0,1.332,2.75,1.064,1.513,3.273,1.324,2.864,1.162,1.583,3.273,1.308,2.704,1.067,1.344,2.75,1.327,2.864,1.32,2.727,1.079,2.208,1.344,2.75,1.095,2.364,1.327,2.864,1.078,2.227,1.32,2.727
111987141F,32.342,42.248,13.047,3366,3.202,10.577,32.243,42.248,13.669,2994,4.093,10.353,33.022,45.976,344,1.149,12.006,31.61,34.793,41.006,13.047,2772,6.496,10.032,31.649,13.047,31.649,470,5.14,9.998,32.501,14.29,32.501,1473,8.054,9.921,30.062,13.047,30.062,687,7.513,9.905,1.396,3.429,1.299,3.191,1.456,1.376,3.273,1.299,3.091,1.379,1.481,3.6,1.317,3.2,1.43,1.296,3.143,1.281,2.913,1.302,3.0,1.119,2.714,1.296,3.143,1.09,2.478,1.281,2.913,1.085,2.5,1.302,3.0
111987141T,28.975,40.384,11.183,3957,3.764,10.856,29.146,40.384,11.183,3478,4.754,10.627,27.692,40.384,435,1.452,12.424,28.68,31.686,39.763,11.183,3192,7.48,10.529,30.785,13.669,30.785,767,8.388,10.389,28.481,11.183,28.481,1608,8.793,10.335,26.812,10.562,26.812,643,7.032,10.477,1.447,3.429,1.367,3.238,1.369,1.585,4.235,1.387,3.706,1.672,1.685,4.235,1.404,3.529,1.514,1.372,3.091,1.374,3.5,1.39,3.529,1.09,2.454,1.372,3.091,1.113,2.833,1.374,3.5,1.089,2.765,1.39,3.529
111989989T,29.55,40.384,11.805,14540,13.832,10.943,29.195,39.763,11.183,12530,17.129,10.742,31.605,43.491,1864,6.223,11.78,28.106,31.065,38.521,10.562,10539,24.698,10.643,30.977,15.532,30.977,2334,25.525,9.606,27.63,10.562,27.63,5180,28.325,10.609,25.691,8.698,25.691,2267,24.792,11.098,1.437,2.88,1.317,2.64,1.005,1.595,4.235,1.374,3.647,1.655,1.704,4.8,1.42,4.0,1.817,1.304,2.6,1.372,3.588,1.427,4.214,1.083,2.16,1.304,2.6,1.084,2.835,1.372,3.588,1.088,3.214,1.427,4.214
111990715T,30.719,41.006,13.669,18709,17.798,10.31,30.328,41.006,13.669,15744,21.522,10.234,32.552,42.87,2751,9.185,10.437,29.802,32.929,40.384,13.047,13302,31.173,10.187,28.82,13.669,28.82,2409,26.345,10.332,30.329,14.29,30.329,6378,34.875,9.68,28.916,11.183,28.916,3419,37.391,10.689,1.534,3.273,1.374,2.932,1.134,1.467,3.13,1.325,2.826,1.134,1.518,4.0,1.37,3.611,1.636,1.358,2.864,1.332,2.826,1.392,3.6,1.078,2.273,1.358,2.864,1.096,2.326,1.332,2.826,1.117,2.889,1.392,3.6
111990717F,28.481,39.142,11.183,17393,16.546,10.241,28.147,38.521,11.183,14666,20.049,10.195,30.139,40.384,2542,8.487,10.214,27.687,30.444,37.899,10.562,13286,31.135,10.17,24.615,8.698,24.615,2419,26.455,10.723,29.171,11.805,29.171,6685,36.554,10.031,26.62,10.562,26.62,3267,35.728,9.737,1.759,5.143,1.478,4.322,1.924,1.521,3.789,1.342,3.342,1.491,1.669,4.235,1.344,3.412,1.538,1.464,4.143,1.342,3.316,1.33,3.353,1.06,3.0,1.464,4.143,1.108,2.737,1.342,3.316,1.097,2.765,1.33,3.353
111990719T,35.426,45.169,19.26,18788,17.873,9.651,34.939,44.734,18.639,15809,21.611,9.586,37.77,47.219,2767,9.238,9.59,34.518,37.899,44.112,18.018,13297,31.161,9.727,32.717,17.396,32.717,2378,26.006,9.897,35.694,20.503,35.694,6445,35.242,9.029,32.758,13.669,32.758,3374,36.899,10.375,1.351,2.483,1.294,2.379,0.838,1.249,2.182,1.266,2.212,0.747,1.335,3.13,1.317,3.087,1.345,1.291,2.429,1.253,2.182,1.328,3.182,1.082,2.036,1.291,2.429,1.079,1.879,1.253,2.182,1.119,2.682,1.328,3.182
111990720F,33.135,42.248,19.26,17623,16.765,8.989,32.547,41.627,18.639,14878,20.338,8.835,36.235,45.976,2561,8.55,9.149,32.186,34.171,41.006,18.639,13339,31.259,8.755,29.919,14.911,29.919,2409,26.345,10.15,33.339,20.503,33.339,6735,36.827,8.259,31.18,18.639,31.18,3268,35.739,8.315,1.466,2.88,1.364,2.68,0.965,1.326,2.182,1.252,2.061,0.646,1.397,2.4,1.286,2.21,0.718,1.371,2.75,1.249,2.03,1.275,2.133,1.069,2.146,1.371,2.75,1.062,1.727,1.249,2.03,1.046,1.75,1.275,2.133
111990747T,43.014,49.083,30.444,14242,13.548,7.048,42.927,49.083,29.822,12326,16.85,7.035,43.425,50.325,1788,5.97,7.058,42.923,45.355,49.083,29.822,10468,24.531,7.195,41.281,29.822,41.281,1908,20.866,7.044,43.308,29.822,43.308,5023,27.466,7.151,43.083,28.58,43.083,2772,30.315,7.236,1.079,1.5,1.154,1.604,0.39,1.033,1.469,1.148,1.633,0.423,1.039,1.565,1.141,1.717,0.506,1.159,1.604,1.148,1.667,1.139,1.717,1.054,1.458,1.159,1.604,1.062,1.542,1.148,1.667,1.067,1.609,1.139,1.717
111990748T,41.054,48.461,24.852,14392,13.691,8.464,40.932,48.461,24.852,12450,17.019,8.443,41.705,49.704,1811,6.046,8.51,40.963,44.112,48.461,24.541,10578,24.789,8.536,39.799,26.095,39.799,1913,20.921,7.909,41.433,25.473,41.433,5070,27.723,8.366,40.557,22.367,40.557,2813,30.763,9.072,1.12,1.714,1.182,1.81,0.531,1.08,1.756,1.185,1.927,0.626,1.099,1.984,1.191,2.149,0.805,1.186,1.81,1.17,1.902,1.195,2.167,1.062,1.619,1.186,1.81,1.08,1.756,1.17,1.902,1.095,1.986,1.195,2.167
111996193T,26.279,37.278,8.698,15889,15.115,10.877,26.193,37.278,8.698,13542,18.512,10.79,26.569,37.899,2184,7.292,11.266,24.957,27.958,36.035,8.077,11489,26.924,10.512,28.941,12.426,28.941,2480,27.122,9.767,24.419,8.077,24.419,5615,30.703,10.349,22.063,7.456,22.063,2557,27.964,10.401,1.54,3.6,1.347,3.15,1.338,1.824,5.538,1.444,4.385,2.037,2.01,6.0,1.507,4.5,1.986,1.352,3.15,1.45,4.385,1.492,4.416,1.095,2.55,1.352,3.15,1.119,3.385,1.45,4.385,1.098,3.25,1.492,4.416
111999150F,31.171,42.87,11.805,14766,14.047,11.339,31.202,42.87,11.618,12680,17.334,11.383,30.649,42.248,1939,6.474,11.062,30.766,34.171,42.248,11.183,11639,27.275,11.256,27.434,8.698,27.434,2466,26.969,12.583,31.679,13.669,31.679,5755,31.469,10.79,31.603,11.183,31.603,2797,30.588,10.685,1.593,5.143,1.482,4.786,2.229,1.423,3.429,1.364,3.286,1.409,1.432,3.83,1.332,3.564,1.675,1.495,4.714,1.353,3.136,1.337,3.778,1.116,3.521,1.495,4.714,1.079,2.5,1.353,3.136,1.121,3.167,1.337,3.778
111999151F,31.796,41.627,15.532,18324,17.432,9.676,31.298,41.006,15.532,15474,21.153,9.651,34.35,43.305,2656,8.868,9.37,30.939,33.55,40.384,14.911,13839,32.431,9.567,28.695,12.737,28.695,2535,27.723,10.516,32.069,16.464,32.069,6955,38.03,9.247,29.885,14.29,29.885,3384,37.008,9.229,1.525,3.429,1.398,3.143,1.248,1.381,2.667,1.285,2.481,0.931,1.463,3.13,1.3,2.783,1.14,1.386,3.122,1.284,2.502,1.289,2.696,1.061,2.39,1.386,3.122,1.066,2.075,1.284,2.502,1.081,2.261,1.289,2.696
23308158T,34.467,45.976,12.426,13107,12.469,12.16,34.572,45.976,12.426,11377,15.553,11.958,33.338,46.598,1608,5.369,13.418,34.559,39.763,45.976,12.426,9579,22.448,12.109,33.102,10.562,33.102,1820,19.904,11.675,35.187,13.669,35.187,4517,24.699,11.852,33.716,10.562,33.716,2531,27.679,12.5,1.355,4.235,1.336,4.176,2.126,1.289,3.429,1.325,3.524,1.66,1.32,4.235,1.356,4.353,2.209,1.333,4.176,1.307,3.364,1.364,4.353,1.126,3.529,1.333,4.176,1.148,2.954,1.307,3.364,1.161,3.706,1.364,4.353
23320268F,26.426,41.006,6.834,7828,7.447,13.001,26.5,41.006,6.834,6651,9.092,13.151,25.807,39.453,1099,3.669,12.076,26.23,29.512,41.006,6.834,6081,14.251,13.245,25.894,5.902,25.894,1323,14.469,14.036,27.125,7.456,27.125,2859,15.633,12.901,24.38,5.592,24.38,1464,16.01,13.103,1.908,8.0,1.622,6.8,3.193,1.848,6.666,1.541,5.558,2.608,2.042,8.888,1.608,7.0,3.352,1.632,7.158,1.535,5.583,1.618,7.055,1.128,4.948,1.632,7.158,1.122,4.083,1.535,5.583,1.109,4.833,1.618,7.055
23320270T,34.315,44.734,14.911,7082,6.737,10.892,34.276,44.734,14.911,6042,8.26,10.957,34.622,44.734,969,3.235,10.423,33.911,37.899,44.734,14.29,5357,12.554,11.028,33.968,10.562,33.968,914,9.996,12.445,34.124,14.29,34.124,2590,14.162,10.755,33.166,14.787,33.166,1513,16.546,10.501,1.454,4.706,1.345,4.353,2.237,1.451,3.333,1.306,3.0,1.297,1.495,3.478,1.327,3.087,1.326,1.335,4.294,1.311,3.13,1.33,2.983,1.116,3.588,1.335,4.294,1.111,2.652,1.311,3.13,1.105,2.479,1.33,2.983
23320380F,33.08,42.87,16.775,4645,4.419,9.849,32.885,42.248,16.775,4011,5.483,9.49,34.112,45.976,587,1.96,11.847,32.353,34.793,41.627,16.775,3696,8.661,9.166,33.353,16.154,33.353,590,6.452,9.197,33.0,18.639,33.0,1986,10.86,8.704,30.333,14.911,30.333,892,9.755,9.445,1.329,2.769,1.274,2.654,1.084,1.354,2.483,1.26,2.31,0.833,1.452,2.88,1.311,2.6,0.983,1.267,2.615,1.261,2.233,1.301,2.646,1.08,2.231,1.267,2.615,1.073,1.9,1.261,2.233,1.065,2.167,1.301,2.646
23320387F,32.974,42.87,14.911,5622,5.348,10.603,32.909,42.248,16.154,4699,6.424,10.181,33.112,44.734,851,2.841,12.621,32.434,35.414,41.627,16.154,4293,10.06,9.973,33.448,16.775,33.448,680,7.437,9.045,32.984,16.775,32.984,2263,12.374,9.62,30.731,14.29,30.731,1051,11.494,10.273,1.323,2.572,1.268,2.464,0.944,1.362,2.769,1.286,2.615,1.033,1.445,3.429,1.315,3.119,1.373,1.263,2.519,1.262,2.481,1.294,2.783,1.096,2.185,1.263,2.519,1.074,2.111,1.262,2.481,1.072,2.304,1.294,2.783
23320398F,35.852,45.355,18.639,7823,7.442,9.859,35.066,44.734,18.018,6364,8.7,9.816,39.207,47.219,1354,4.521,9.318,34.621,37.589,44.112,18.018,5768,13.517,9.746,35.168,17.396,35.168,919,10.05,9.487,34.874,18.018,34.874,2964,16.207,9.43,32.952,16.154,32.952,1460,15.967,10.104,1.257,2.483,1.274,2.517,0.975,1.26,2.4,1.26,2.4,0.905,1.307,2.667,1.289,2.63,1.04,1.272,2.572,1.265,2.448,1.301,2.654,1.095,2.214,1.272,2.572,1.087,2.103,1.265,2.448,1.075,2.192,1.301,2.654
23320410T,31.842,42.87,14.29,6121,5.823,10.87,30.989,42.248,14.29,5136,7.021,10.649,36.051,45.976,910,3.038,10.905,30.601,33.55,41.627,14.29,4639,10.871,10.612,31.792,15.532,31.792,951,10.4,10.108,30.364,13.669,30.364,2362,12.916,10.507,29.541,13.669,29.541,999,10.925,10.882,1.389,2.88,1.35,2.8,1.074,1.431,3.13,1.351,2.956,1.188,1.457,3.13,1.376,2.956,1.148,1.348,2.76,1.371,3.045,1.388,3.0,1.094,2.24,1.348,2.76,1.084,2.409,1.371,3.045,1.083,2.341,1.388,3.0
23320414F,36.947,47.219,18.639,7918,7.532,10.55,35.97,46.598,18.018,6462,8.834,10.439,41.228,49.704,1350,4.507,9.913,35.487,38.521,45.976,17.396,5845,13.698,10.41,36.063,16.775,36.063,923,10.094,10.167,35.615,18.639,35.615,2990,16.35,9.993,33.672,15.532,33.672,1509,16.503,10.856,1.222,2.572,1.29,2.714,1.104,1.227,2.4,1.278,2.5,0.956,1.272,2.769,1.321,2.877,1.177,1.292,2.778,1.273,2.433,1.329,2.88,1.085,2.333,1.292,2.778,1.082,2.067,1.273,2.433,1.089,2.36,1.329,2.88
23320565T,25.959,37.899,6.834,16506,15.702,11.617,25.685,37.899,6.834,13990,19.125,11.541,27.313,39.763,2335,7.796,11.83,24.868,27.958,36.657,6.213,11725,27.477,11.381,25.064,7.456,25.064,2093,22.889,11.581,24.86,6.834,24.86,5679,31.053,10.81,24.268,4.97,24.268,3030,33.136,12.092,1.761,6.0,1.468,5.0,2.407,1.78,6.0,1.434,4.833,2.371,1.817,9.001,1.54,7.626,3.953,1.463,4.916,1.45,5.273,1.536,7.501,1.091,3.666,1.463,4.916,1.125,4.091,1.45,5.273,1.152,5.625,1.536,7.501
23320566F,28.335,39.763,8.698,13832,13.158,11.74,27.92,39.763,8.077,11833,16.176,11.684,30.776,41.627,1870,6.243,11.672,27.65,31.065,39.142,8.077,10972,25.712,11.596,24.737,6.213,24.737,1795,19.63,12.454,28.656,8.077,28.656,5767,31.534,11.551,26.801,9.009,26.801,2729,29.845,10.951,1.771,7.2,1.525,6.2,3.065,1.539,5.143,1.389,4.643,2.342,1.643,4.8,1.369,4.0,1.922,1.507,6.0,1.409,5.0,1.345,4.0,1.13,4.5,1.507,6.0,1.127,4.0,1.409,5.0,1.09,3.241,1.345,4.0
23320571F,25.543,39.763,4.97,6781,6.451,13.324,25.071,39.142,4.97,5914,8.085,13.23,28.84,43.491,803,2.681,13.593,24.675,27.958,38.831,4.349,5521,12.938,13.084,24.18,4.97,24.18,1342,14.676,12.981,25.75,5.592,25.75,2759,15.086,12.824,22.073,3.106,22.073,1151,12.587,13.111,1.832,9.001,1.578,7.751,3.912,1.713,8.0,1.546,7.222,3.671,1.934,14.402,1.665,12.402,6.449,1.593,7.751,1.52,7.0,1.689,12.002,1.143,5.563,1.593,7.751,1.11,5.111,1.52,7.0,1.098,7.801,1.689,12.002
27593407F,27.87,37.899,11.183,15435,14.683,9.964,27.605,37.713,11.183,13165,17.997,9.813,29.363,40.384,2120,7.078,10.632,26.956,29.387,36.657,11.183,12054,28.248,9.497,27.931,13.047,27.931,1873,20.483,9.98,27.697,11.183,27.697,6429,35.154,9.28,24.26,10.562,24.26,3002,32.83,8.914,1.59,3.429,1.369,2.952,1.157,1.608,4.0,1.34,3.333,1.488,1.808,4.235,1.381,3.235,1.343,1.379,2.952,1.324,3.278,1.357,3.118,1.045,2.238,1.379,2.952,1.099,2.722,1.324,3.278,1.076,2.471,1.357,3.118
27616976T,31.907,42.87,14.911,5935,5.646,10.55,31.123,42.248,14.911,5020,6.862,10.366,36.022,45.355,847,2.828,10.555,30.784,33.55,41.627,14.911,4551,10.665,10.345,31.746,16.154,31.746,944,10.324,9.779,30.516,14.911,30.516,2308,12.62,10.139,29.796,14.29,29.796,979,10.706,10.832,1.393,2.769,1.335,2.654,0.988,1.425,3.0,1.346,2.833,1.105,1.456,3.13,1.355,2.913,1.15,1.331,2.615,1.344,2.75,1.376,2.87,1.096,2.154,1.331,2.615,1.079,2.208,1.344,2.75,1.105,2.304,1.376,2.87
27616977T,30.775,41.006,15.532,5929,5.64,9.805,30.38,40.384,15.532,4998,6.832,9.722,32.708,42.248,860,2.871,10.018,30.038,31.686,39.763,15.532,4537,10.632,9.62,31.137,16.775,31.137,927,10.138,9.24,29.882,15.532,29.882,2297,12.56,9.404,29.084,14.911,29.084,997,10.903,9.968,1.42,2.667,1.321,2.481,0.878,1.476,2.88,1.312,2.56,0.951,1.521,3.0,1.31,2.583,0.973,1.317,2.444,1.31,2.52,1.324,2.583,1.077,2.0,1.317,2.444,1.06,2.04,1.31,2.52,1.047,2.042,1.324,2.583
737718829F,40.713,48.461,27.337,3154,3.0,8.295,40.443,47.84,27.337,2817,3.851,8.099,42.779,51.568,313,1.045,9.574,39.855,41.627,47.219,27.337,2598,6.088,7.822,40.123,27.337,40.123,443,4.845,7.934,40.224,27.958,40.224,1375,7.519,7.644,38.883,26.095,38.883,652,7.13,8.039,1.369,1.978,1.2,1.733,0.444,1.367,1.978,1.183,1.711,0.447,1.408,2.119,1.218,1.833,0.505,1.192,1.75,1.174,1.689,1.198,1.786,1.053,1.545,1.192,1.75,1.05,1.511,1.174,1.689,1.055,1.571,1.198,1.786
737718829T,40.16,47.84,26.095,2945,2.802,8.278,39.811,47.84,26.095,2660,3.636,8.088,43.507,52.189,259,0.865,9.29,39.567,41.627,47.219,26.095,2420,5.671,8.146,39.892,26.716,39.892,553,6.048,7.815,39.857,26.716,39.857,1258,6.879,7.786,38.712,24.852,38.712,493,5.392,8.888,1.373,2.07,1.188,1.791,0.508,1.382,2.07,1.18,1.767,0.498,1.405,2.171,1.231,1.902,0.545,1.184,1.767,1.185,1.767,1.236,1.925,1.043,1.558,1.184,1.767,1.06,1.581,1.185,1.767,1.059,1.65,1.236,1.925
737718830F,38.694,46.598,24.231,3577,3.403,8.535,38.489,46.598,23.92,3216,4.396,8.54,40.628,47.84,330,1.102,8.128,37.887,40.384,45.355,23.609,2985,6.995,8.263,39.347,27.337,39.347,500,5.468,7.814,38.375,25.473,38.375,1535,8.393,7.786,36.134,19.882,36.134,806,8.815,9.135,1.403,2.023,1.198,1.727,0.442,1.434,2.171,1.184,1.793,0.514,1.514,2.697,1.208,2.151,0.781,1.2,1.727,1.182,1.781,1.221,2.219,1.058,1.523,1.2,1.727,1.052,1.585,1.182,1.781,1.083,1.969,1.221,2.219
737718830T,38.684,45.976,26.095,3339,3.176,7.767,38.471,45.976,25.473,3023,4.132,7.707,41.016,47.84,283,0.945,7.697,38.314,40.384,45.976,25.473,2768,6.487,7.724,39.048,27.337,39.048,637,6.966,7.23,38.736,26.716,38.736,1414,7.732,7.263,36.637,22.988,36.637,594,6.496,8.698,1.409,2.023,1.187,1.705,0.436,1.424,2.07,1.184,1.721,0.454,1.486,2.405,1.235,2.0,0.619,1.185,1.693,1.179,1.709,1.238,1.973,1.05,1.5,1.185,1.693,1.059,1.535,1.179,1.709,1.068,1.703,1.238,1.973
775719628F,30.174,39.453,14.911,13716,13.048,9.187,29.624,38.521,14.911,11687,15.976,8.978,33.308,42.87,1884,6.29,9.752,29.021,31.065,37.589,14.911,10655,24.97,8.749,31.534,18.018,31.534,1768,19.335,8.91,29.465,16.154,29.465,5546,30.326,8.032,25.814,11.805,25.814,2719,29.735,9.136,1.409,2.483,1.291,2.276,0.762,1.495,2.88,1.267,2.44,0.926,1.68,3.789,1.353,3.053,1.256,1.281,2.241,1.265,2.308,1.348,2.947,1.06,1.855,1.281,2.241,1.075,1.961,1.265,2.308,1.083,2.368,1.348,2.947
775719629F,27.949,37.899,11.805,13850,13.175,9.767,27.704,37.278,11.805,11750,16.062,9.617,29.112,39.763,1956,6.53,10.439,27.05,29.822,36.346,11.183,10730,25.145,9.364,31.293,17.396,31.293,1685,18.427,9.153,27.563,13.047,27.563,5592,30.577,8.564,22.996,8.822,22.996,2803,30.654,9.262,1.423,2.572,1.285,2.321,0.807,1.622,3.6,1.307,2.9,1.219,1.893,4.8,1.42,3.6,1.536,1.291,2.321,1.307,2.762,1.405,3.662,1.072,1.929,1.291,2.321,1.082,2.286,1.307,2.762,1.081,2.817,1.405,3.662
775719631T,30.809,41.006,14.29,15622,14.861,9.93,30.428,40.384,14.29,13402,18.321,9.695,33.131,44.112,2060,6.878,10.936,29.4,31.997,39.142,13.669,11269,26.408,9.562,31.169,16.154,31.169,2492,27.253,8.897,29.696,14.911,29.696,5541,30.299,9.328,26.342,11.183,26.342,2429,26.564,9.954,1.427,2.769,1.308,2.538,0.941,1.492,3.13,1.326,2.783,1.098,1.647,3.789,1.407,3.237,1.301,1.296,2.5,1.318,2.625,1.392,3.278,1.076,2.077,1.296,2.5,1.088,2.167,1.318,2.625,1.085,2.556,1.392,3.278
775719632T,30.403,40.384,14.29,15780,15.011,9.714,29.895,39.763,13.669,13528,18.493,9.617,33.422,42.87,2092,6.985,9.746,28.815,31.686,38.521,13.047,11414,26.748,9.467,31.319,16.775,31.319,2496,27.297,8.779,28.93,13.669,28.93,5582,30.523,9.255,25.515,10.562,25.515,2496,27.297,9.791,1.417,2.667,1.299,2.444,0.881,1.523,3.273,1.311,2.818,1.149,1.687,4.0,1.394,3.306,1.371,1.289,2.407,1.31,2.773,1.412,3.412,1.071,2.0,1.289,2.407,1.095,2.318,1.31,2.773,1.096,2.647,1.412,3.412
799468412F,25.784,36.657,7.456,13326,12.677,10.917,25.761,36.657,7.456,11246,15.373,10.879,25.785,37.278,1937,6.467,11.042,25.162,28.58,36.035,7.456,10239,23.995,10.688,28.188,6.834,28.188,1645,17.99,11.436,26.205,8.077,26.205,5154,28.182,9.968,21.191,6.524,21.191,2737,29.932,10.321,1.579,6.546,1.404,5.818,3.145,1.721,5.538,1.386,4.461,2.219,2.082,7.2,1.503,5.2,2.459,1.411,5.818,1.375,4.461,1.495,4.857,1.124,4.637,1.411,5.818,1.138,3.692,1.375,4.461,1.114,3.619,1.495,4.857
918450070T,32.834,42.87,15.222,8029,7.638,10.173,32.598,42.87,14.911,6872,9.394,10.04,34.038,45.044,1078,3.599,10.889,32.279,36.035,42.248,14.911,6302,14.768,10.063,31.31,13.669,31.31,1086,11.877,10.397,33.182,16.154,33.182,3271,17.886,9.669,30.711,13.047,30.711,1541,16.853,10.197,1.411,3.13,1.352,3.0,1.219,1.346,2.769,1.289,2.654,1.058,1.442,3.429,1.342,3.191,1.377,1.359,3.114,1.292,2.654,1.335,3.143,1.111,2.545,1.359,3.114,1.105,2.269,1.292,2.654,1.113,2.619,1.335,3.143
918450071T,36.118,45.355,19.26,8278,7.875,9.323,35.768,44.734,19.26,7066,9.659,9.282,37.982,47.219,1132,3.779,9.406,35.561,38.521,44.734,19.26,6483,15.193,9.324,34.234,17.396,34.234,1089,11.909,9.859,36.173,20.503,36.173,3377,18.466,8.924,34.765,18.018,34.765,1593,17.421,9.535,1.296,2.572,1.314,2.607,0.984,1.232,2.182,1.232,2.182,0.772,1.265,2.483,1.282,2.517,0.963,1.307,2.572,1.237,2.182,1.287,2.483,1.089,2.143,1.307,2.572,1.082,1.909,1.237,2.182,1.099,2.121,1.287,2.483
918450072F,34.941,45.355,17.396,9084,8.642,9.942,34.7,44.734,17.396,7744,10.586,9.894,36.177,45.976,1255,4.19,10.041,34.53,37.899,44.734,17.396,7222,16.924,9.89,34.286,18.639,34.286,1170,12.795,9.619,35.401,18.018,35.401,3678,20.112,9.484,33.058,14.911,33.058,1850,20.232,10.615,1.298,2.4,1.298,2.4,0.848,1.26,2.483,1.277,2.517,0.971,1.335,2.88,1.316,2.84,1.158,1.305,2.4,1.281,2.517,1.334,2.958,1.069,1.967,1.305,2.4,1.088,2.138,1.281,2.517,1.113,2.467,1.334,2.958
918450073F,36.988,47.219,19.882,9741,9.267,9.828,36.775,46.598,19.882,8279,11.318,9.754,38.197,48.461,1364,4.554,10.115,36.557,39.763,46.598,19.882,7722,18.096,9.737,35.614,19.26,35.614,1271,13.9,10.451,37.916,22.367,37.916,3935,21.517,9.064,34.662,17.396,34.662,1965,21.49,10.161,1.246,2.286,1.315,2.413,0.835,1.181,2.057,1.247,2.171,0.742,1.274,2.572,1.291,2.607,1.019,1.308,2.419,1.245,2.111,1.291,2.572,1.082,2.0,1.308,2.419,1.081,1.833,1.245,2.111,1.093,2.179,1.291,2.572
924629903T,39.316,47.84,24.852,11479,10.92,8.402,39.162,47.219,24.852,9889,13.518,8.312,40.211,49.083,1467,4.898,8.959,38.862,41.627,47.219,24.852,9101,21.328,8.265,38.641,23.609,38.641,1580,17.279,8.847,39.2,26.095,39.2,4781,26.143,7.77,37.78,23.609,37.78,2194,23.994,8.707,1.156,1.92,1.236,2.053,0.661,1.141,1.714,1.204,1.81,0.503,1.172,1.846,1.237,1.949,0.575,1.23,2.013,1.189,1.786,1.233,1.974,1.085,1.776,1.23,2.013,1.062,1.595,1.189,1.786,1.069,1.711,1.233,1.974
924629904T,39.476,48.461,24.231,11765,11.192,9.024,39.287,47.84,24.231,10107,13.816,8.946,40.621,49.704,1524,5.088,9.41,38.957,42.248,47.84,23.609,9317,21.834,8.931,39.871,25.473,39.871,1653,18.077,8.06,39.779,24.852,39.779,4837,26.449,8.454,36.391,19.882,36.391,2256,24.672,9.798,1.119,1.756,1.203,1.888,0.569,1.123,1.8,1.217,1.95,0.603,1.21,2.182,1.277,2.303,0.804,1.2,1.878,1.203,1.925,1.28,2.344,1.075,1.683,1.2,1.878,1.078,1.725,1.203,1.925,1.093,2.0,1.28,2.344
924629905F,40.847,49.083,26.095,10682,10.162,8.701,40.67,48.461,26.095,9236,12.626,8.521,41.974,50.947,1339,4.47,9.707,40.388,43.491,48.461,26.095,8508,19.938,8.471,40.13,25.473,40.13,1483,16.218,8.497,40.814,27.337,40.814,4489,24.546,7.884,39.169,24.852,39.169,2027,22.168,9.1,1.114,1.756,1.206,1.902,0.577,1.094,1.636,1.185,1.773,0.496,1.128,1.8,1.222,1.95,0.596,1.208,1.902,1.187,1.773,1.221,1.925,1.068,1.683,1.208,1.902,1.066,1.591,1.187,1.773,1.079,1.7,1.221,1.925
924629910F,38.336,46.908,21.746,12172,11.579,8.954,38.359,46.598,22.367,10448,14.283,8.828,38.035,47.405,1595,5.325,9.683,38.51,42.248,47.219,21.435,8922,20.908,9.028,36.692,18.639,36.692,1673,18.296,9.852,39.558,25.473,39.558,4455,24.36,8.134,38.0,18.639,38.0,2112,23.097,10.059,1.212,2.323,1.279,2.452,0.916,1.14,1.846,1.203,1.949,0.62,1.176,2.4,1.241,2.533,1.041,1.27,2.5,1.194,1.854,1.234,2.517,1.101,2.167,1.27,2.5,1.068,1.659,1.194,1.854,1.128,2.3,1.234,2.517
924629911F,40.636,47.84,26.095,12322,11.722,8.011,40.537,47.84,26.095,10590,14.477,7.932,41.203,49.083,1602,5.349,8.411,40.531,43.491,47.84,25.473,9055,21.22,8.153,39.989,24.231,39.989,1647,18.012,8.646,41.12,27.337,41.12,4517,24.699,7.553,40.043,22.367,40.043,2200,24.059,8.925,1.113,1.8,1.205,1.95,0.618,1.089,1.636,1.165,1.75,0.502,1.112,2.0,1.186,2.133,0.798,1.212,2.0,1.163,1.75,1.179,2.111,1.072,1.769,1.212,2.0,1.065,1.602,1.163,1.75,1.086,1.944,1.179,2.111
924629912T,41.1,48.461,25.473,11359,10.806,8.972,40.901,47.84,26.095,9808,13.408,8.669,42.224,50.947,1436,4.794,10.68,41.057,44.112,48.461,24.852,8360,19.591,8.866,39.93,23.609,39.93,1550,16.951,9.167,41.679,27.958,41.679,4213,23.037,8.161,40.804,20.503,40.804,1971,21.555,9.879,1.114,1.895,1.222,2.079,0.701,1.073,1.636,1.162,1.773,0.526,1.09,2.118,1.181,2.294,0.943,1.214,2.053,1.163,1.733,1.172,2.333,1.074,1.816,1.214,2.053,1.058,1.578,1.163,1.733,1.081,2.151,1.172,2.333
997244940T,43.032,51.568,25.473,5861,5.576,9.352,42.433,51.568,24.852,5057,6.913,9.34,46.981,54.053,747,2.494,8.428,41.938,45.355,50.947,24.852,4620,10.827,9.303,41.489,22.988,41.489,794,8.683,10.04,43.215,28.58,43.215,2105,11.51,8.42,40.037,22.367,40.037,1477,16.153,9.882,1.181,2.105,1.211,2.158,0.783,1.137,1.739,1.18,1.804,0.53,1.219,2.222,1.234,2.25,0.823,1.213,2.189,1.193,1.804,1.241,2.222,1.093,1.973,1.213,2.189,1.071,1.62,1.193,1.804,1.102,1.972,1.241,2.222
997244941T,42.941,52.189,21.746,5977,5.686,10.578,42.402,52.189,21.124,5160,7.054,10.592,46.555,54.674,757,2.527,9.742,41.797,45.976,51.568,20.503,4709,11.035,10.649,40.473,14.29,40.473,791,8.65,12.364,43.326,24.852,43.326,2151,11.762,9.367,40.053,18.328,40.053,1514,16.557,11.16,1.205,3.2,1.251,3.32,1.655,1.14,2.0,1.197,2.1,0.755,1.218,2.667,1.248,2.733,1.19,1.274,3.609,1.19,2.075,1.256,2.746,1.136,3.217,1.274,3.609,1.09,1.9,1.19,2.075,1.101,2.407,1.256,2.746
997244942F,44.157,52.81,27.958,6651,6.327,9.061,43.466,52.189,27.337,5744,7.852,9.03,48.447,55.731,853,2.848,7.991,43.196,46.598,51.568,27.337,5372,12.589,9.053,41.701,25.349,41.701,1370,14.983,9.672,44.552,30.444,44.552,2527,13.818,7.797,41.72,23.609,41.72,1216,13.298,10.399,1.174,1.951,1.233,2.049,0.662,1.101,1.6,1.17,1.7,0.453,1.166,2.051,1.224,2.154,0.759,1.222,2.01,1.171,1.714,1.236,2.184,1.088,1.789,1.222,2.01,1.056,1.545,1.171,1.714,1.102,1.947,1.236,2.184
997244943F,43.891,52.189,27.337,6850,6.516,9.152,43.384,51.879,26.716,5907,8.075,9.127,47.128,54.674,882,2.945,8.54,43.196,46.598,51.568,26.095,5519,12.934,9.15,43.341,27.337,43.341,1370,14.983,9.072,44.057,28.89,44.057,2600,14.217,8.299,41.139,21.746,41.139,1267,13.856,10.567,1.137,1.818,1.194,1.909,0.599,1.118,1.702,1.174,1.787,0.523,1.182,2.222,1.242,2.333,0.879,1.204,1.909,1.17,1.785,1.254,2.371,1.075,1.705,1.204,1.909,1.058,1.613,1.17,1.785,1.102,2.086,1.254,2.371
998969850F,34.242,42.87,18.018,3155,3.001,9.419,33.964,42.87,18.018,2799,3.826,9.208,36.202,46.598,330,1.102,10.716,33.293,36.035,41.627,18.018,2587,6.063,8.925,33.838,18.018,33.838,440,4.812,8.687,34.014,18.639,34.014,1367,7.475,8.647,31.642,16.775,31.642,651,7.119,9.316,1.309,2.4,1.255,2.3,0.833,1.311,2.483,1.238,2.345,0.894,1.393,2.769,1.277,2.538,0.988,1.249,2.345,1.242,2.267,1.276,2.407,1.083,2.034,1.249,2.345,1.078,1.967,1.242,2.267,1.08,2.037,1.276,2.407
998969850T,31.05,41.627,13.669,3003,2.857,10.012,31.093,41.627,13.669,2717,3.714,9.795,30.78,42.87,258,0.861,11.804,30.581,33.55,41.006,13.669,2472,5.793,9.784,33.098,16.775,33.098,563,6.157,9.222,30.463,13.669,30.463,1289,7.048,9.565,28.392,11.183,28.392,496,5.424,10.15,1.344,2.667,1.288,2.556,0.984,1.485,3.6,1.341,3.25,1.424,1.564,4.0,1.39,3.556,1.557,1.276,2.519,1.326,2.954,1.379,3.5,1.07,2.111,1.276,2.519,1.101,2.454,1.326,2.954,1.072,2.722,1.379,3.5
998969851F,40.628,49.083,26.095,3213,3.057,8.606,40.104,48.461,26.095,2859,3.908,8.451,44.786,52.81,328,1.095,8.677,39.455,41.627,47.84,25.473,2640,6.187,8.206,39.701,26.095,39.701,446,4.878,8.296,39.86,26.095,39.86,1404,7.677,8.005,38.218,24.231,38.218,653,7.141,8.48,1.379,2.07,1.217,1.826,0.5,1.375,2.119,1.2,1.85,0.541,1.419,2.171,1.227,1.878,0.53,1.205,1.833,1.2,1.833,1.219,1.923,1.064,1.619,1.205,1.833,1.06,1.619,1.2,1.833,1.057,1.667,1.219,1.923
998969851T,39.301,48.461,23.609,3002,2.856,9.082,38.878,47.84,23.609,2708,3.702,8.923,43.397,51.568,264,0.881,9.595,38.521,41.627,47.84,22.988,2457,5.758,9.029,39.321,25.473,39.321,565,6.179,8.333,38.51,22.367,38.51,1279,6.994,8.915,37.553,22.988,37.553,495,5.413,9.749,1.392,2.145,1.205,1.855,0.54,1.427,2.472,1.235,2.139,0.732,1.445,2.405,1.267,2.108,0.664,1.217,1.878,1.226,2.111,1.274,2.081,1.059,1.634,1.217,1.878,1.081,1.861,1.226,2.111,1.075,1.757,1.274,2.081
